dataset,model,backend,dtype,images,pytorch_latency_ms,ggml_latency_ms,latency_ratio_ggml_over_pytorch,ggml_faster,cross_f1,pytorch_cross_mae,annotation_status,mAP,CP,CR,pytorch_mAP,pytorch_CP,pytorch_CR,delta_mAP,delta_CP,delta_CR
openimages_common_214,ram,cuda,f32,14,64.06604345621807,52.767335714285714,0.8236396828586153,True,1.0,0.00017686847422737628,ok,0.210280371728972,0.1261682241728972,0.1261682241728972,0.210280371728972,0.1261682241728972,0.1261682241728972,0.0,0.0,0.0
openimages_common_214,ram,cuda,f16,14,64.06604345621807,52.40211428571428,0.8179389807570251,True,1.0,0.00019082865037489682,ok,0.210280371728972,0.1261682241728972,0.1261682241728972,0.210280371728972,0.1261682241728972,0.1261682241728972,0.0,0.0,0.0
openimages_common_214,ram,cuda,q8_0,14,64.06604345621807,53.37233571428572,0.8330830629607977,True,1.0,0.00037702854024246335,ok,0.210280371728972,0.1261682241728972,0.1261682241728972,0.210280371728972,0.1261682241728972,0.1261682241728972,0.0,0.0,0.0
openimages_common_214,ram,vulkan,f32,14,64.06604345621807,55.51809285714286,0.8665759560301742,True,1.0,0.00013243335706647485,ok,0.210280371728972,0.1261682241728972,0.1261682241728972,0.210280371728972,0.1261682241728972,0.1261682241728972,0.0,0.0,0.0
openimages_common_214,ram,vulkan,f16,14,64.06604345621807,55.053292857142864,0.8593209426888613,True,1.0,0.00018925998301710933,ok,0.210280371728972,0.1261682241728972,0.1261682241728972,0.210280371728972,0.1261682241728972,0.1261682241728972,0.0,0.0,0.0
openimages_common_214,ram,vulkan,q8_0,14,64.06604345621807,54.78990714285714,0.8552097833277292,True,1.0,0.0003773104399442673,ok,0.210280371728972,0.1261682241728972,0.1261682241728972,0.210280371728972,0.1261682241728972,0.1261682241728972,0.0,0.0,0.0
openimages_common_214,ram_plus,cuda,f32,14,62.30802714846851,52.33419285714285,0.8399269765425271,True,1.0,0.00011414609616622329,ok,0.210280371728972,0.1214953269813084,0.1214953269813084,0.210280371728972,0.1214953269813084,0.1214953269813084,0.0,0.0,0.0
openimages_common_214,ram_plus,cuda,f16,14,62.30802714846851,52.524014285714294,0.8429734769255216,True,1.0,0.0001238291442859918,ok,0.210280371728972,0.1214953269813084,0.1214953269813084,0.210280371728972,0.1214953269813084,0.1214953269813084,0.0,0.0,0.0
openimages_common_214,ram_plus,cuda,q8_0,14,62.30802714846851,54.74735714285714,0.87865656558832,True,1.0,0.0006136566516943276,ok,0.210280371728972,0.1214953269813084,0.1214953269813084,0.210280371728972,0.1214953269813084,0.1214953269813084,0.0,0.0,0.0
openimages_common_214,ram_plus,vulkan,f32,14,62.30802714846851,56.41325,0.9053929739354073,True,1.0,0.00010829082020791247,ok,0.210280371728972,0.1214953269813084,0.1214953269813084,0.210280371728972,0.1214953269813084,0.1214953269813084,0.0,0.0,0.0
openimages_common_214,ram_plus,vulkan,f16,14,62.30802714846851,55.505121428571435,0.8908181492621006,True,1.0,0.00012128681555623189,ok,0.210280371728972,0.1214953269813084,0.1214953269813084,0.210280371728972,0.1214953269813084,0.1214953269813084,0.0,0.0,0.0
openimages_common_214,ram_plus,vulkan,q8_0,14,62.30802714846851,55.34378571428572,0.8882288245527613,True,1.0,0.0006127412780188024,ok,0.210280371728972,0.1214953269813084,0.1214953269813084,0.210280371728972,0.1214953269813084,0.1214953269813084,0.0,0.0,0.0
openimages_common_214,tag2text,cuda,f32,14,51.4908169861883,44.79173571428572,0.8698975533113116,True,1.0,0.00012361910194158554,ok,0.01318168549081365,0.005832604251968503,0.005832604251968503,0.01318168549081365,0.005832604251968503,0.005832604251968503,0.0,0.0,0.0
openimages_common_214,tag2text,cuda,f16,14,51.4908169861883,44.486778571428566,0.8639749993355423,True,1.0,0.00012796880037058145,ok,0.01318168549081365,0.005832604251968503,0.005832604251968503,0.01318168549081365,0.005832604251968503,0.005832604251968503,0.0,0.0,0.0
openimages_common_214,tag2text,cuda,q8_0,14,51.4908169861883,44.42189285714285,0.8627148578562739,True,1.0,0.00019604008411988616,ok,0.01318168549081365,0.005832604251968503,0.005832604251968503,0.01318168549081365,0.005832604251968503,0.005832604251968503,0.0,0.0,0.0
openimages_common_214,tag2text,vulkan,f32,14,51.4908169861883,46.141228571428584,0.8961059713580644,True,1.0,0.00010341158485971391,ok,0.01318168549081365,0.005832604251968503,0.005832604251968503,0.01318168549081365,0.005832604251968503,0.005832604251968503,0.0,0.0,0.0
openimages_common_214,tag2text,vulkan,f16,14,51.4908169861883,44.383114285714285,0.8619617415979133,True,1.0,0.00014498642121907324,ok,0.01318168549081365,0.005832604251968503,0.005832604251968503,0.01318168549081365,0.005832604251968503,0.005832604251968503,0.0,0.0,0.0
openimages_common_214,tag2text,vulkan,q8_0,14,51.4908169861883,44.198407142857135,0.8583745555001147,True,1.0,0.00020450781448744237,ok,0.01318168549081365,0.005832604251968503,0.005832604251968503,0.01318168549081365,0.005832604251968503,0.005832604251968503,0.0,0.0,0.0
openimages_rare_200,ram,cuda,f32,12,62.401617340381364,51.768775000000005,0.8296063019908199,True,1.0,6.243913958314806e-05,ok,0.20041666470208339,0.12349999987855,0.12749999987375,0.20041666470208339,0.12349999987855,0.12749999987375,0.0,0.0,0.0
openimages_rare_200,ram,cuda,f16,12,62.401617340381364,51.536991666666665,0.8258919217678037,True,1.0,6.603741348953918e-05,ok,0.20041666470208339,0.12349999987855,0.12749999987375,0.20041666470208339,0.12349999987855,0.12749999987375,0.0,0.0,0.0
openimages_rare_200,ram,cuda,q8_0,12,62.401617340381364,53.34748333333334,0.8549054592982654,True,1.0,0.0002264305658172816,ok,0.20041666470208339,0.12349999987855,0.12749999987375,0.20041666470208339,0.12349999987855,0.12749999987375,0.0,0.0,0.0
openimages_rare_200,ram,vulkan,f32,12,62.401617340381364,56.801350000000006,0.9102544520627783,True,1.0,5.3583284170599654e-05,ok,0.20041666470208339,0.12349999987855,0.12749999987375,0.20041666470208339,0.12349999987855,0.12749999987375,0.0,0.0,0.0
openimages_rare_200,ram,vulkan,f16,12,62.401617340381364,55.74893333333333,0.8933892374814628,True,1.0,6.61614176351577e-05,ok,0.20041666470208339,0.12349999987855,0.12749999987375,0.20041666470208339,0.12349999987855,0.12749999987375,0.0,0.0,0.0
openimages_rare_200,ram,vulkan,q8_0,12,62.401617340381364,54.80373333333333,0.8782421941789754,True,1.0,0.00022839009761810303,ok,0.20041666470208339,0.12349999987855,0.12749999987375,0.20041666470208339,0.12349999987855,0.12749999987375,0.0,0.0,0.0
openimages_rare_200,ram_plus,cuda,f32,12,61.55010296626845,51.994575000000005,0.8447520393019456,True,1.0,9.145267540588975e-05,ok,0.20541666465208336,0.1364166665344486,0.1499999998525,0.20624999798125004,0.1364166665344486,0.1499999998525,-0.0008333333291666856,0.0,0.0
openimages_rare_200,ram_plus,cuda,f16,12,61.55010296626845,51.525499999999994,0.8371310122460351,True,1.0,8.946497837314382e-05,ok,0.20624999798125004,0.1364166665344486,0.1499999998525,0.20624999798125004,0.1364166665344486,0.1499999998525,0.0,0.0,0.0
openimages_rare_200,ram_plus,cuda,q8_0,12,61.55010296626845,53.788783333333335,0.8739024102496046,True,1.0,0.0005318947369232774,ok,0.20541666465208336,0.1364166665344486,0.1499999998525,0.20624999798125004,0.1364166665344486,0.1499999998525,-0.0008333333291666856,0.0,0.0
openimages_rare_200,ram_plus,vulkan,f32,12,61.55010296626845,56.02511666666666,0.9102359535835437,True,1.0,8.734568837098777e-05,ok,0.20624999798125004,0.1364166665344486,0.1499999998525,0.20624999798125004,0.1364166665344486,0.1499999998525,0.0,0.0,0.0
openimages_rare_200,ram_plus,vulkan,f16,12,61.55010296626845,55.835658333333335,0.9071578379638646,True,1.0,8.587395859649405e-05,ok,0.20624999798125004,0.1364166665344486,0.1499999998525,0.20624999798125004,0.1364166665344486,0.1499999998525,0.0,0.0,0.0
openimages_rare_200,ram_plus,vulkan,q8_0,12,61.55010296626845,55.61375,0.9035525095787124,True,1.0,0.0005321503849700093,ok,0.20541666465208336,0.1364166665344486,0.1499999998525,0.20624999798125004,0.1364166665344486,0.1499999998525,-0.0008333333291666856,0.0,0.0
openimages_rare_200,tag2text,cuda,f32,12,52.57365965129187,44.303066666666666,0.8426856140606911,True,1.0,7.025930244708434e-05,ok,0.0,0.0,0.0,0.0,0.0,0.0,0.0,0.0,0.0
openimages_rare_200,tag2text,cuda,f16,12,52.57365965129187,44.266375000000004,0.8419877043676998,True,1.0,8.434122719336301e-05,ok,0.0,0.0,0.0,0.0,0.0,0.0,0.0,0.0,0.0
openimages_rare_200,tag2text,cuda,q8_0,12,52.57365965129187,45.30353333333333,0.8617154223963198,True,1.0,0.00016902740753721446,ok,0.0,0.0,0.0,0.0,0.0,0.0,0.0,0.0,0.0
openimages_rare_200,tag2text,vulkan,f32,12,52.57365965129187,44.00609166666667,0.8370368728094684,True,1.0,6.571180711034685e-05,ok,0.0,0.0,0.0,0.0,0.0,0.0,0.0,0.0,0.0
openimages_rare_200,tag2text,vulkan,f16,12,52.57365965129187,43.84944166666667,0.8340572438272171,True,1.0,8.316624007420614e-05,ok,0.0,0.0,0.0,0.0,0.0,0.0,0.0,0.0,0.0
openimages_rare_200,tag2text,vulkan,q8_0,12,52.57365965129187,43.861691666666665,0.8342902502430012,True,1.0,0.0001766259374562651,ok,0.0,0.0,0.0,0.0,0.0,0.0,0.0,0.0,0.0
imagenet_multi,ram,cuda,f32,12,59.97818077836806,50.47274166666667,0.8415183823793192,True,1.0,0.00010616435611154884,ok,0.07933333254500001,0.04689999995796166,0.0579999999425,0.07933333254500001,0.04689999995796166,0.0579999999425,0.0,0.0,0.0
imagenet_multi,ram,cuda,f16,12,59.97818077836806,49.500125000000004,0.825302207529657,True,1.0,0.00011254401033511385,ok,0.07933333254500001,0.04689999995796166,0.0579999999425,0.07933333254500001,0.04689999995796166,0.0579999999425,0.0,0.0,0.0
imagenet_multi,ram,cuda,q8_0,12,59.97818077836806,52.418625,0.8739615693529917,True,0.9917808219178083,0.0002662086917553097,ok,0.07933333254500001,0.048899999955961664,0.05999999994049999,0.07933333254500001,0.04689999995796166,0.0579999999425,0.0,0.0019999999980000044,0.0019999999979999905
imagenet_multi,ram,vulkan,f32,12,59.97818077836806,54.34450000000001,0.9060711627919212,True,0.9972451790633609,0.00011927606828976423,ok,0.07933333254500001,0.04789999995696166,0.05899999994149999,0.07933333254500001,0.04689999995796166,0.0579999999425,0.0,0.0009999999990000022,0.0009999999989999953
imagenet_multi,ram,vulkan,f16,12,59.97818077836806,53.23162500000001,0.887516498653102,True,1.0,0.00010776449926197529,ok,0.07933333254500001,0.04689999995796166,0.0579999999425,0.07933333254500001,0.04689999995796166,0.0579999999425,0.0,0.0,0.0
imagenet_multi,ram,vulkan,q8_0,12,59.97818077836806,52.77896666666667,0.8799694485849112,True,0.9945054945054945,0.00026262624305672944,ok,0.07933333254500001,0.04789999995696166,0.05899999994149999,0.07933333254500001,0.04689999995796166,0.0579999999425,0.0,0.0009999999990000022,0.0009999999989999953
imagenet_multi,ram_plus,cuda,f32,12,60.63393557107904,51.04132499999999,0.8417946900406297,True,1.0,0.00013687605678569525,ok,0.07449999926,0.04249999996075,0.04799999995249999,0.07449999926,0.04249999996075,0.04799999995249999,0.0,0.0,0.0
imagenet_multi,ram_plus,cuda,f16,12,60.63393557107904,51.14378333333334,0.8434844753459764,True,1.0,0.0001422880741301924,ok,0.07449999926,0.04249999996075,0.04799999995249999,0.07449999926,0.04249999996075,0.04799999995249999,0.0,0.0,0.0
imagenet_multi,ram_plus,cuda,q8_0,12,60.63393557107904,53.329033333333335,0.8795245241968102,True,0.9949494949494949,0.0005048486636951566,ok,0.07399999926500002,0.04249999996075,0.04799999995249999,0.07449999926,0.04249999996075,0.04799999995249999,-0.0004999999949999862,0.0,0.0
imagenet_multi,ram_plus,vulkan,f32,12,60.63393557107904,56.01739166666667,0.9238620442342793,True,1.0,0.00011588080087676644,ok,0.07449999926,0.04249999996075,0.04799999995249999,0.07449999926,0.04249999996075,0.04799999995249999,0.0,0.0,0.0
imagenet_multi,ram_plus,vulkan,f16,12,60.63393557107904,54.99879166666667,0.9070628707944169,True,1.0,0.0001402222114847973,ok,0.07449999926,0.04249999996075,0.04799999995249999,0.07449999926,0.04249999996075,0.04799999995249999,0.0,0.0,0.0
imagenet_multi,ram_plus,vulkan,q8_0,12,60.63393557107904,54.066408333333335,0.8916856183605825,True,0.9949494949494949,0.0005089066689833999,ok,0.07399999926500002,0.04249999996075,0.04799999995249999,0.07449999926,0.04249999996075,0.04799999995249999,-0.0004999999949999862,0.0,0.0
imagenet_multi,tag2text,cuda,f32,12,48.38878105187582,40.27785,0.8323799261820547,True,1.0,8.385769615415484e-05,ok,0.0,0.0,0.0,0.0,0.0,0.0,0.0,0.0,0.0
imagenet_multi,tag2text,cuda,f16,12,48.38878105187582,40.148475,0.8297062692477892,True,1.0,9.314686758443713e-05,ok,0.0,0.0,0.0,0.0,0.0,0.0,0.0,0.0,0.0
imagenet_multi,tag2text,cuda,q8_0,12,48.38878105187582,41.10155833333334,0.8494026392041139,True,1.0,0.00017715572903398424,ok,0.0,0.0,0.0,0.0,0.0,0.0,0.0,0.0,0.0
imagenet_multi,tag2text,vulkan,f32,12,48.38878105187582,41.26303333333333,0.8527396730472868,True,1.0,6.113969720900059e-05,ok,0.0,0.0,0.0,0.0,0.0,0.0,0.0,0.0,0.0
imagenet_multi,tag2text,vulkan,f16,12,48.38878105187582,40.84648333333334,0.8441312726919766,True,1.0,8.103616710286587e-05,ok,0.0,0.0,0.0,0.0,0.0,0.0,0.0,0.0,0.0
imagenet_multi,tag2text,vulkan,q8_0,12,48.38878105187582,40.43778333333333,0.8356851000231124,True,1.0,0.00016394736303482205,ok,0.0,0.0,0.0,0.0,0.0,0.0,0.0,0.0,0.0
hico,ram,cuda,f32,12,57.48491218158353,47.91135833333334,0.8334597116890564,True,0.9986577181208054,8.711257396498695e-05,ok,0.10574999894250002,0.06977777771585925,0.08833333324499999,0.10574999894250002,0.07144444438085927,0.08999999990999999,0.0,-0.0016666666650000245,-0.0016666666649999967
hico,ram,cuda,f16,12,57.48491218158353,48.04011666666667,0.8356995747843781,True,0.9973190348525469,0.00010356085113016888,ok,0.10574999894250002,0.06977777771585925,0.08833333324499999,0.10574999894250002,0.07144444438085927,0.08999999990999999,0.0,-0.0016666666650000245,-0.0016666666649999967
hico,ram,cuda,q8_0,12,57.48491218158353,50.14272499999999,0.8722762738439781,True,0.9959731543624161,0.00025175418704748154,ok,0.10574999894250002,0.06977777771585925,0.08833333324499999,0.10574999894250002,0.07144444438085927,0.08999999990999999,0.0,-0.0016666666650000245,-0.0016666666649999967
hico,ram,vulkan,f32,12,57.48491218158353,52.79095833333333,0.9183445939097389,True,0.9986577181208054,8.310791599797085e-05,ok,0.10574999894250002,0.06977777771585925,0.08833333324499999,0.10574999894250002,0.07144444438085927,0.08999999990999999,0.0,-0.0016666666650000245,-0.0016666666649999967
hico,ram,vulkan,f16,12,57.48491218158353,51.95377500000001,0.9037810623401189,True,0.9973190348525469,0.00010181859397562221,ok,0.10574999894250002,0.06977777771585925,0.08833333324499999,0.10574999894250002,0.07144444438085927,0.08999999990999999,0.0,-0.0016666666650000245,-0.0016666666649999967
hico,ram,vulkan,q8_0,12,57.48491218158353,51.53635,0.8965195917357724,True,0.9959731543624161,0.0002509182377252728,ok,0.10574999894250002,0.06977777771585925,0.08833333324499999,0.10574999894250002,0.07144444438085927,0.08999999990999999,0.0,-0.0016666666650000245,-0.0016666666649999967
hico,ram_plus,cuda,f32,12,58.42945648409012,48.473816666666664,0.8296126574421534,True,1.0,0.00015489400539081544,ok,0.10797222114250002,0.08333333325631943,0.098333333235,0.10797222114250002,0.08333333325631943,0.098333333235,0.0,0.0,0.0
hico,ram_plus,cuda,f16,12,58.42945648409012,48.560399999999994,0.8310945013363698,True,1.0,0.00016187928849831223,ok,0.10797222114250002,0.08333333325631943,0.098333333235,0.10797222114250002,0.08333333325631943,0.098333333235,0.0,0.0,0.0
hico,ram_plus,cuda,q8_0,12,58.42945648409012,51.306666666666665,0.8780959083649369,True,1.0,0.0007385179633274674,ok,0.10797222114250002,0.08333333325631943,0.098333333235,0.10797222114250002,0.08333333325631943,0.098333333235,0.0,0.0,0.0
hico,ram_plus,vulkan,f32,12,58.42945648409012,53.63435833333333,0.9179335486021087,True,1.0,0.00012441481521818787,ok,0.10797222114250002,0.08333333325631943,0.098333333235,0.10797222114250002,0.08333333325631943,0.098333333235,0.0,0.0,0.0
hico,ram_plus,vulkan,f16,12,58.42945648409012,52.66765,0.9013886688188002,True,1.0,0.00015754478226881474,ok,0.10797222114250002,0.08333333325631943,0.098333333235,0.10797222114250002,0.08333333325631943,0.098333333235,0.0,0.0,0.0
hico,ram_plus,vulkan,q8_0,12,58.42945648409012,52.200975,0.8934016871133127,True,1.0,0.0007377057336270809,ok,0.10797222114250002,0.08333333325631943,0.098333333235,0.10797222114250002,0.08333333325631943,0.098333333235,0.0,0.0,0.0
hico,tag2text,cuda,f32,12,48.85194251417286,39.34755833333333,0.8054451124828428,True,1.0,7.929846469778568e-05,ok,0.0,0.0,0.0,0.0,0.0,0.0,0.0,0.0,0.0
hico,tag2text,cuda,f16,12,48.85194251417286,40.537749999999996,0.8298083538487592,True,1.0,8.296106534544379e-05,ok,0.0,0.0,0.0,0.0,0.0,0.0,0.0,0.0,0.0
hico,tag2text,cuda,q8_0,12,48.85194251417286,40.13770833333333,0.8216194948990745,True,1.0,0.00015936802083160728,ok,0.0,0.0,0.0,0.0,0.0,0.0,0.0,0.0,0.0
hico,tag2text,vulkan,f32,12,48.85194251417286,40.02314166666667,0.819274313504631,True,1.0,5.783268352388404e-05,ok,0.0,0.0,0.0,0.0,0.0,0.0,0.0,0.0,0.0
hico,tag2text,vulkan,f16,12,48.85194251417286,39.68358333333334,0.8123235493004273,True,1.0,6.763697456335649e-05,ok,0.0,0.0,0.0,0.0,0.0,0.0,0.0,0.0,0.0
hico,tag2text,vulkan,q8_0,12,48.85194251417286,39.48204166666667,0.8081979883443159,True,1.0,0.0001509614521637559,ok,0.0,0.0,0.0,0.0,0.0,0.0,0.0,0.0,0.0
